id;region;address;postal_code;open_time;close_time;poc_name;poc_no;poc_email
1;W;Customer Mountains;0;2021-03-26T22:12:51;2021-03-26T22:39:05;Alaska;66931;".s@NOz3n.5u"
2;W;Incredible Awesome;3;2021-03-27T08:47:37;2021-03-26T20:20:55;Assistant transition Grocery;29798;"V@yed.fjjl"
3;NE;Marketing Identity;2;2021-03-27T17:57:31;2021-03-27T00:25:53;Exclusive compressing;94594;"fXY@7WxvZ.9o6.Wn"
4;W;Lithuania;4;2021-03-27T03:16:56;2021-03-27T12:00:02;installation;29815;"8VN@IJ.yEyJj.JNp.wQ"
5;NE;capacity;4;2021-03-27T16:27:36;2021-03-27T13:02:05;exuding Jordan;64106;"VOiUg@6.59_f.u6.R.A3pW"
6;E;Cross-group Panama;6;2021-03-27T00:35:33;2021-03-26T22:45:32;leverage compressing;48236;"X@mkiY.i.KamU.N.veJd"
7;N;Fantastic Granite Mouse Facilitator Slovenia;4;2021-03-26T19:03:30;2021-03-27T13:22:09;Saint Lucia;60445;"F@5F.5AQ"
8;C;hack envisioneer next-generation;1;2021-03-27T07:49:14;2021-03-27T09:52:53;Health;90413;"VPI5p@Udk.fR-0"
9;C;cross-platform Checking Account;4;2021-03-27T07:46:45;2021-03-26T18:19:48;quantifying TCP SQL;38323;"sm@rWR.LpZxy.tS.B.d3"
10;E;Auto Loan Account mobile Fantastic;3;2021-03-27T02:08:47;2021-03-27T16:07:44;Gloves Ridges exploit;7470;"M@d.bI1qj.jAM"
